id,seniority,full_name,apstate,first_name,last_name,chamber,session,state,party,dw_nominate,votes_with_party_pct
A000370,10,Alma Adams,N.C.,Alma,Adams,house,117,NC,D,-0.465,98.65
A000055,26,Robert Aderholt,Ala.,Robert,Aderholt,house,117,AL,R,0.376,97.02
A000371,8,Pete Aguilar,Calif.,Pete,Aguilar,house,117,CA,D,-0.294,98.43
A000372,8,Rick Allen,Ga.,Rick,Allen,house,117,GA,R,0.696,93.12
A000376,4,Colin Allred,Texas,Colin,Allred,house,117,TX,D,,97.54
A000369,12,Mark Amodei,Nev.,Mark,Amodei,house,117,NV,R,0.38,95.43
A000377,4,Kelly Armstrong,N.D.,Kelly,Armstrong,house,117,ND,R,,95.19
A000375,6,Jodey Arrington,Texas,Jodey,Arrington,house,117,TX,R,0.648,89.31
A000148,2,Jake Auchincloss,Mass.,Jake,Auchincloss,house,117,MA,D,,98.65
A000378,4,Cynthia Axne,Iowa,Cynthia,Axne,house,117,IA,D,,96.87
B001291,8,Brian Babin,Texas,Brian,Babin,house,117,TX,R,0.703,92.66
B001298,6,Don Bacon,Neb.,Don,Bacon,house,117,NE,R,0.377,91.65
B001307,4,James Baird,Ind.,James,Baird,house,117,IN,R,,96.16
B001306,6,Troy Balderson,Ohio,Troy,Balderson,house,117,OH,R,,97.02
B001299,6,Jim Banks,Ind.,Jim,Banks,house,117,IN,R,0.645,92.97
B001282,10,Andy Barr,Ky.,Andy,Barr,house,117,KY,R,0.486,98.17
B001300,6,Nanette Barrag√°n,Calif.,Nanette,Barrag√°n,house,117,CA,D,-0.514,98.64
B001270,12,Karen Bass,Calif.,Karen,Bass,house,117,CA,D,-0.584,98.86
B001281,10,Joyce Beatty,Ohio,Joyce,Beatty,house,117,OH,D,-0.433,98.42
B000668,2,Cliff Bentz,Ore.,Cliff,Bentz,house,117,OR,R,,97.75
B001287,10,Ami Bera,Calif.,Ami,Bera,house,117,CA,D,-0.234,98.66
B001301,6,Jack Bergman,Mich.,Jack,Bergman,house,117,MI,R,0.436,98.41
B001292,8,Donald Beyer,Va.,Donald,Beyer,house,117,VA,D,-0.385,99.33
B000740,2,Stephanie Bice,Okla.,Stephanie,Bice,house,117,OK,R,,97.51
B001302,6,Andy Biggs,Ariz.,Andy,Biggs,house,117,AZ,R,0.883,73.47
B001257,18,Gus Bilirakis,Fla.,Gus,Bilirakis,house,117,FL,R,0.405,96.8
B000490,30,Sanford Bishop,Ga.,Sanford,Bishop,house,117,GA,D,-0.283,97.96
B001311,4,Dan Bishop,N.C.,Dan,Bishop,house,117,NC,R,,90.23
B000574,28,Earl Blumenauer,Ore.,Earl,Blumenauer,house,117,OR,D,-0.427,98.41
B001303,6,Lisa Blunt Rochester,Del.,Lisa,Blunt Rochester,house,117,DE,D,-0.334,99.11
B000825,2,Lauren Boebert,Colo.,Lauren,Boebert,house,117,CO,R,,79.12
B001278,12,Suzanne Bonamici,Ore.,Suzanne,Bonamici,house,117,OR,D,-0.393,98.44
B001295,8,Mike Bost,Ill.,Mike,Bost,house,117,IL,R,0.279,94.15
B001312,2,Carolyn Bourdeaux,Ga.,Carolyn,Bourdeaux,house,117,GA,D,,96.88
B001223,2,Jamaal Bowman,N.Y.,Jamaal,Bowman,house,117,NY,D,,95.49
B001296,8,Brendan Boyle,Pa.,Brendan,Boyle,house,117,PA,D,-0.4,98.42
B000755,26,Kevin Brady,Texas,Kevin,Brady,house,117,TX,R,0.523,97.62
B001274,12,Mo Brooks,Ala.,Mo,Brooks,house,117,AL,R,0.645,88.97
B001313,2,Shontel Brown,Ohio,Shontel,Brown,house,117,OH,D,,98.9
B001304,6,Anthony Brown,Md.,Anthony,Brown,house,117,MD,D,-0.335,98.19
B001285,10,Julia Brownley,Calif.,Julia,Brownley,house,117,CA,D,-0.287,98.65
B001260,16,Vern Buchanan,Fla.,Vern,Buchanan,house,117,FL,R,0.36,97.0
B001297,8,Ken Buck,Colo.,Ken,Buck,house,117,CO,R,0.727,84.32
B001275,12,Larry Bucshon,Ind.,Larry,Bucshon,house,117,IN,R,0.408,97.46
B001305,6,Ted Budd,N.C.,Ted,Budd,house,117,NC,R,0.669,91.1
B001309,4,Tim Burchett,Tenn.,Tim,Burchett,house,117,TN,R,,86.93
B001248,20,Michael Burgess,Texas,Michael,Burgess,house,117,TX,R,0.573,93.71
B001224,2,Cori Bush,Mo.,Cori,Bush,house,117,MO,D,,93.24
B001286,10,Cheri Bustos,Ill.,Cheri,Bustos,house,117,IL,D,-0.238,97.06
B001251,20,G. Butterfield,N.C.,G.,Butterfield,house,117,NC,D,-0.403,98.41
C000059,30,Ken Calvert,Calif.,Ken,Calvert,house,117,CA,R,0.35,97.01
C001039,2,Kat Cammack,Fla.,Kat,Cammack,house,117,FL,R,,90.93
C001112,6,Salud Carbajal,Calif.,Salud,Carbajal,house,117,CA,D,-0.302,99.11
C001097,10,Tony C√°rdenas,Calif.,Tony,C√°rdenas,house,117,CA,D,-0.384,98.17
C001126,2,Mike Carey,Ohio,Mike,Carey,house,117,OH,R,,98.89
C001054,2,Jerry Carl,Ala.,Jerry,Carl,house,117,AL,R,,97.28
C001072,16,Andr√© Carson,Ind.,Andr√©,Carson,house,117,IN,D,-0.431,98.43
C001125,2,Troy Carter,La.,Troy,Carter,house,117,LA,D,,98.73
C001103,8,Buddy Carter,Ga.,Buddy,Carter,house,117,GA,R,0.581,97.98
C001051,20,John Carter,Texas,John,Carter,house,117,TX,R,0.476,96.1
C001090,10,Matt Cartwright,Pa.,Matt,Cartwright,house,117,PA,D,-0.364,98.4
C001055,4,Ed Case,Hawaii,Ed,Case,house,117,HI,D,-0.197,97.05
C001117,4,Sean Casten,Ill.,Sean,Casten,house,117,IL,D,,93.29
C001066,16,Kathy Castor,Fla.,Kathy,Castor,house,117,FL,D,-0.439,98.65
C001091,10,Joaqu√≠n Castro,Texas,Joaqu√≠n,Castro,house,117,TX,D,-0.4,98.65
C001104,2,Madison Cawthorn,N.C.,Madison,Cawthorn,house,117,NC,R,,95.16
C000266,12,Steven Chabot,Ohio,Steven,Chabot,house,117,OH,R,0.56,98.19
C001109,6,Liz Cheney,Wyo,Liz,Cheney,house,117,WY,R,0.468,92.16
C001080,16,Judy Chu,Calif.,Judy,Chu,house,117,CA,D,-0.488,98.21
C001084,12,David Cicilline,R.I.,David,Cicilline,house,117,RI,D,-0.39,98.87
C001101,10,Katherine Clark,Mass.,Katherine,Clark,house,117,MA,D,-0.482,98.42
C001067,16,Yvette Clarke,N.Y.,Yvette,Clarke,house,117,NY,D,-0.613,98.18
C001061,18,Emanuel Cleaver,Mo.,Emanuel,Cleaver,house,117,MO,D,-0.453,98.87
C001118,4,Ben Cline,Va.,Ben,Cline,house,117,VA,R,,89.34
C001115,6,Michael Cloud,Texas,Michael,Cloud,house,117,TX,R,,88.57
C000537,30,James Clyburn,S.C.,James,Clyburn,house,117,SC,D,-0.464,98.65
C001116,2,Andrew Clyde,Ga.,Andrew,Clyde,house,117,GA,R,,86.42
C001068,16,Steve Cohen,Tenn.,Steve,Cohen,house,117,TN,D,-0.4,97.76
C001053,20,Tom Cole,Okla.,Tom,Cole,house,117,OK,R,0.332,95.44
C001108,8,James Comer,Ky.,James,Comer,house,117,KY,R,0.599,94.55
C001078,14,Gerald Connolly,Va.,Gerald,Connolly,house,117,VA,D,-0.305,98.88
C000754,20,Jim Cooper,Tenn.,Jim,Cooper,house,117,TN,D,-0.164,98.42
C001110,6,J. Correa,Calif.,J.,Correa,house,117,CA,D,-0.28,98.66
C001059,18,Jim Costa,Calif.,Jim,Costa,house,117,CA,D,-0.193,98.15
C001069,16,Joe Courtney,Conn.,Joe,Courtney,house,117,CT,D,-0.344,98.44
C001119,4,Angie Craig,Minn.,Angie,Craig,house,117,MN,D,,96.64
C001087,12,Rick Crawford,Ark.,Rick,Crawford,house,117,AR,R,0.426,97.51
C001120,4,Dan Crenshaw,Texas,Dan,Crenshaw,house,117,TX,R,,96.02
C001111,6,Charlie Crist,Fla.,Charlie,Crist,house,117,FL,D,-0.225,97.97
C001121,4,Jason Crow,Colo.,Jason,Crow,house,117,CO,D,,98.21
C001063,18,Henry Cuellar,Texas,Henry,Cuellar,house,117,TX,D,-0.227,96.43
C001114,6,John Curtis,,John,Curtis,house,117,UT,R,0.509,95.64
D000629,4,Sharice Davids,Kan.,Sharice,Davids,house,117,KS,D,,97.77
D000626,8,Warren Davidson,Ohio,Warren,Davidson,house,117,OH,R,0.678,87.02
D000619,10,Rodney Davis,Ill.,Rodney,Davis,house,117,IL,R,0.272,91.33
D000096,26,Danny Davis,Ill.,Danny,Davis,house,117,IL,D,-0.486,97.94
D000631,4,Madeleine Dean,Pa.,Madeleine,Dean,house,117,PA,D,,99.11
D000191,36,Peter DeFazio,Ore.,Peter,DeFazio,house,117,OR,D,-0.428,98.4
D000197,26,Diana DeGette,Colo.,Diana,DeGette,house,117,CO,D,-0.431,98.87
D000216,32,Rosa DeLauro,Conn.,Rosa,DeLauro,house,117,CT,D,-0.416,97.75
D000617,12,Suzan DelBene,Wash.,Suzan,DelBene,house,117,WA,D,-0.284,98.66
D000630,4,Antonio Delgado,N.Y.,Antonio,Delgado,house,117,NY,D,,97.1
D000627,6,Val Demings,Fla.,Val,Demings,house,117,FL,D,-0.336,97.77
D000623,8,Mark DeSaulnier,Calif.,Mark,DeSaulnier,house,117,CA,D,-0.532,97.97
D000616,12,Scott DesJarlais,Tenn.,Scott,DesJarlais,house,117,TN,R,0.584,95.21
D000610,14,Ted Deutch,Fla.,Ted,Deutch,house,117,FL,D,-0.4,98.86
D000600,20,Mario Diaz-Balart,Fla.,Mario,Diaz-Balart,house,117,FL,R,0.281,94.52
D000624,8,Debbie Dingell,Mich.,Debbie,Dingell,house,117,MI,D,-0.408,99.1
D000399,28,Lloyd Doggett,Texas,Lloyd,Doggett,house,117,TX,D,-0.402,99.1
D000032,2,Byron Donalds,Fla.,Byron,Donalds,house,117,FL,R,,90.89
D000482,28,Mike Doyle,Pa.,Mike,Doyle,house,117,PA,D,-0.33,98.23
D000615,12,Jeffrey Duncan,S.C.,Jeffrey,Duncan,house,117,SC,R,0.72,93.78
D000628,6,Neal Dunn,Fla.,Neal,Dunn,house,117,FL,R,0.525,97.91
E000071,2,Jake Ellzey,Texas,Jake,Ellzey,house,117,TX,R,,98.97
E000294,8,Tom Emmer,Minn.,Tom,Emmer,house,117,MN,R,0.45,96.02
E000299,4,Veronica Escobar,Texas,Veronica,Escobar,house,117,TX,D,,94.12
E000215,30,Anna Eshoo,Calif.,Anna,Eshoo,house,117,CA,D,-0.381,99.1
E000297,6,Adriano Espaillat,N.Y.,Adriano,Espaillat,house,117,NY,D,-0.615,97.97
E000298,6,Ron Estes,Kan.,Ron,Estes,house,117,KS,R,0.618,94.27
E000296,8,Dwight Evans,Pa.,Dwight,Evans,house,117,PA,D,-0.461,98.44
F000246,2,Pat Fallon,Texas,Pat,Fallon,house,117,TX,R,,93.41
F000446,2,Randy Feenstra,Iowa,Randy,Feenstra,house,117,IA,R,,97.52
F000465,6,A. Ferguson,Ga.,A.,Ferguson,house,117,GA,R,0.601,97.04
L000273,2,Teresa Fernandez,N.M.,Teresa,Fernandez,house,117,NM,D,,99.1
F000470,2,Michelle Fischbach,Minn.,Michelle,Fischbach,house,117,MN,R,,98.65
F000471,2,Scott Fitzgerald,Wis.,Scott,Fitzgerald,house,117,WI,R,,97.28
F000466,6,Brian Fitzpatrick,Pa.,Brian,Fitzpatrick,house,117,PA,R,0.166,78.1
F000459,12,Chuck Fleischmann,Tenn.,Chuck,Fleischmann,house,117,TN,R,0.457,97.3
F000468,4,Lizzie Fletcher,Texas,Lizzie,Fletcher,house,117,TX,D,,97.53
F000449,18,Jeff Fortenberry,Neb.,Jeff,Fortenberry,house,117,NE,R,0.303,93.33
F000454,10,Bill Foster,Ill.,Bill,Foster,house,117,IL,D,-0.23,99.11
F000450,16,Virginia Foxx,N.C.,Virginia,Foxx,house,117,NC,R,0.628,94.74
F000462,10,Lois Frankel,Fla.,Lois,Frankel,house,117,FL,D,-0.4,98.65
F000472,2,Scott Franklin,Fla.,Scott,Franklin,house,117,FL,R,,97.22
F000455,16,Marcia Fudge,Ohio,Marcia,Fudge,house,117,OH,D,-0.581,96.49
F000469,4,Russ Fulcher,Idaho,Russ,Fulcher,house,117,ID,R,,93.86
G000578,6,Matt Gaetz,Fla.,Matt,Gaetz,house,117,FL,R,0.626,78.32
G000579,6,Mike Gallagher,Wis.,Mike,Gallagher,house,117,WI,R,0.443,94.76
G000574,8,Ruben Gallego,Ariz.,Ruben,Gallego,house,117,AZ,D,-0.451,98.65
G000559,14,John Garamendi,Calif.,John,Garamendi,house,117,CA,D,-0.309,98.87
G000597,2,Andrew Garbarino,N.Y.,Andrew,Garbarino,house,117,NY,R,,91.08
G000061,4,Mike Garcia,Calif.,Mike,Garcia,house,117,CA,R,,95.0
G000586,4,Jes√∫s Garc√≠a,Ill.,Jes√∫s,Garc√≠a,house,117,IL,D,,95.52
G000587,4,Sylvia Garcia,Texas,Sylvia,Garcia,house,117,TX,D,,92.84
G000563,12,Bob Gibbs,Ohio,Bob,Gibbs,house,117,OH,R,0.479,97.41
G000593,2,Carlos Gim√©nez,Fla.,Carlos,Gim√©nez,house,117,FL,R,,92.57
G000552,18,Louie Gohmert,Texas,Louie,Gohmert,house,117,TX,R,0.637,82.54
G000592,4,Jared Golden,Maine,Jared,Golden,house,117,ME,D,,92.67
G000585,6,Jimmy Gomez,Calif.,Jimmy,Gomez,house,117,CA,D,-0.578,98.42
G000594,2,Tony Gonzales,Texas,Tony,Gonzales,house,117,TX,R,,94.12
G000588,4,Anthony Gonzalez,Ohio,Anthony,Gonzalez,house,117,OH,R,,90.09
G000581,6,Vicente Gonzalez,Texas,Vicente,Gonzalez,house,117,TX,D,-0.381,97.47
G000582,6,Jenniffer Gonz√°lez-Col√≥n,,Jenniffer,Gonz√°lez-Col√≥n,house,117,PR,R,,
G000595,2,Robert Good,Va.,Robert,Good,house,117,VA,R,,78.72
G000589,4,Lance Gooden,Texas,Lance,Gooden,house,117,TX,R,,87.13
G000565,12,Paul Gosar,Ariz.,Paul,Gosar,house,117,AZ,R,0.689,80.64
G000583,6,Josh Gottheimer,N.J.,Josh,Gottheimer,house,117,NJ,D,-0.148,96.38
G000377,26,Kay Granger,Texas,Kay,Granger,house,117,TX,R,0.4,95.07
G000577,8,Garret Graves,La.,Garret,Graves,house,117,LA,R,0.452,96.79
G000546,22,Sam Graves,Mo.,Sam,Graves,house,117,MO,R,0.445,97.73
G000590,4,Mark Green,Tenn.,Mark,Green,house,117,TN,R,,91.69
G000553,18,Al Green,Texas,Al,Green,house,117,TX,D,-0.438,98.65
G000596,2,Marjorie Greene,Ga.,Marjorie,Greene,house,117,GA,R,,75.29
G000568,12,Morgan Griffith,Va.,Morgan,Griffith,house,117,VA,R,0.54,91.01
G000551,20,Ra√∫l Grijalva,Ariz.,Ra√∫l,Grijalva,house,117,AZ,D,-0.598,98.41
G000576,8,Glenn Grothman,Wis.,Glenn,Grothman,house,117,WI,R,0.603,90.87
G000591,4,Michael Guest,Miss.,Michael,Guest,house,117,MS,R,,96.01
G000558,14,Brett Guthrie,Ky.,Brett,Guthrie,house,117,KY,R,0.42,97.73
H001080,4,Debra Haaland,N.M.,Debra,Haaland,house,117,NM,D,,97.3
H001088,4,Jim Hagedorn,Minn.,Jim,Hagedorn,house,117,MN,R,,98.58
H001090,4,Josh Harder,Calif.,Josh,Harder,house,117,CA,D,,97.54
H001052,12,Andy Harris,Md.,Andy,Harris,house,117,MD,R,0.669,83.98
H001086,2,Diana Harshbarger,Tenn.,Diana,Harshbarger,house,117,TN,R,,93.18
H001053,12,Vicky Hartzler,Mo.,Vicky,Hartzler,house,117,MO,R,0.468,97.17
H000324,30,Alcee Hastings,Fla.,Alcee,Hastings,house,117,FL,D,-0.564,98.84
H001081,4,Jahana Hayes,Conn.,Jahana,Hayes,house,117,CT,D,,97.77
H001082,6,Kevin Hern,Okla.,Kevin,Hern,house,117,OK,R,,92.18
H001084,2,Yvette Herrell,N.M.,Yvette,Herrell,house,117,NM,R,,88.37
H001056,12,Jaime Herrera Beutler,Wash.,Jaime,Herrera Beutler,house,117,WA,R,0.352,92.52
H001071,8,Jody Hice,Ga.,Jody,Hice,house,117,GA,R,0.79,85.41
H001038,16,Brian Higgins,N.Y.,Brian,Higgins,house,117,NY,D,-0.347,98.65
H001077,6,Clay Higgins,La.,Clay,Higgins,house,117,LA,R,0.612,82.45
H001072,8,French Hill,Ark.,French,Hill,house,117,AR,R,0.446,97.04
H001047,14,Jim Himes,Conn.,Jim,Himes,house,117,CT,D,-0.243,98.65
H001091,2,Ashley Hinson,Iowa,Ashley,Hinson,house,117,IA,R,,95.05
H001074,6,Trey Hollingsworth,Ind.,Trey,Hollingsworth,house,117,IN,R,0.413,92.69
H001066,4,Steven Horsford,Nev.,Steven,Horsford,house,117,NV,D,-0.352,97.51
H001085,4,Chrissy Houlahan,Pa.,Chrissy,Houlahan,house,117,PA,D,,97.53
H000874,42,Steny Hoyer,Md.,Steny,Hoyer,house,117,MD,D,-0.38,98.41
H001067,10,Richard Hudson,N.C.,Richard,Hudson,house,117,NC,R,0.562,97.22
H001068,10,Jared Huffman,Calif.,Jared,Huffman,house,117,CA,D,-0.428,97.75
H001058,12,Bill Huizenga,Mich.,Bill,Huizenga,house,117,MI,R,0.569,96.35
I000056,2,Darrell Issa,Calif.,Darrell,Issa,house,117,CA,R,0.5,97.15
J000304,2,Ronny Jackson,Texas,Ronny,Jackson,house,117,TX,R,,89.83
J000032,28,Sheila Jackson Lee,Texas,Sheila,Jackson Lee,house,117,TX,D,-0.46,98.86
J000305,2,Sara Jacobs,Calif.,Sara,Jacobs,house,117,CA,D,,98.43
J000020,4,Chris Jacobs,N.Y.,Chris,Jacobs,house,117,NY,R,,94.47
J000298,6,Pramila Jayapal,Wash.,Pramila,Jayapal,house,117,WA,D,-0.691,97.52
J000294,10,Hakeem Jeffries,N.Y.,Hakeem,Jeffries,house,117,NY,D,-0.488,98.66
J000288,16,Hank Johnson,Ga.,Hank,Johnson,house,117,GA,D,-0.468,97.96
J000126,30,Eddie Johnson,Texas,Eddie,Johnson,house,117,TX,D,-0.485,98.87
J000299,6,Mike Johnson,La.,Mike,Johnson,house,117,LA,R,0.561,96.0
J000301,4,Dusty Johnson,S.D.,Dusty,Johnson,house,117,SD,R,,97.51
J000292,12,Bill Johnson,Ohio,Bill,Johnson,house,117,OH,R,0.427,97.74
J000306,2,Mondaire Jones,N.Y.,Mondaire,Jones,house,117,NY,D,,97.97
J000289,16,Jim Jordan,Ohio,Jim,Jordan,house,117,OH,R,0.717,89.55
J000302,4,John Joyce,Pa.,John,Joyce,house,117,PA,R,,98.42
J000295,10,Dave Joyce,Ohio,Dave,Joyce,house,117,OH,R,0.265,91.82
K000396,2,Kaiali ªi Kahele,Hawaii,Kaiali ªi,Kahele,house,117,HI,D,,98.65
K000009,40,Marcy Kaptur,Ohio,Marcy,Kaptur,house,117,OH,D,-0.35,98.64
K000386,8,John Katko,N.Y.,John,Katko,house,117,NY,R,0.196,81.46
K000375,12,Bill Keating,Mass.,Bill,Keating,house,117,MA,D,-0.329,98.41
K000395,4,Fred Keller,Pa.,Fred,Keller,house,117,PA,R,,98.19
K000385,10,Robin Kelly,Ill.,Robin,Kelly,house,117,IL,D,-0.461,98.65
K000376,12,Mike Kelly,Pa.,Mike,Kelly,house,117,PA,R,0.359,98.63
K000388,8,Trent Kelly,Miss.,Trent,Kelly,house,117,MS,R,0.634,95.9
K000389,6,Ro Khanna,Calif.,Ro,Khanna,house,117,CA,D,-0.562,98.66
K000380,10,Dan Kildee,Mich.,Dan,Kildee,house,117,MI,D,-0.395,99.11
K000381,10,Derek Kilmer,Wash.,Derek,Kilmer,house,117,WA,D,-0.31,99.11
K000394,4,Andy Kim,N.J.,Andy,Kim,house,117,NJ,D,,97.99
K000397,2,Young Kim,Calif.,Young,Kim,house,117,CA,R,,92.01
K000188,26,Ron Kind,Wis.,Ron,Kind,house,117,WI,D,-0.261,97.09
K000378,12,Adam Kinzinger,Ill.,Adam,Kinzinger,house,117,IL,R,0.25,83.24
K000368,4,Ann Kirkpatrick,Ariz.,Ann,Kirkpatrick,house,117,AZ,D,-0.167,98.21
K000391,6,Raja Krishnamoorthi,Ill.,Raja,Krishnamoorthi,house,117,IL,D,-0.317,98.88
K000382,10,Ann Kuster,N.H.,Ann,Kuster,house,117,NH,D,-0.256,98.65
K000392,6,David Kustoff,Tenn.,David,Kustoff,house,117,TN,R,0.525,97.93
L000585,8,Darin LaHood,Ill.,Darin,LaHood,house,117,IL,R,0.464,98.19
L000578,10,Doug LaMalfa,Calif.,Doug,LaMalfa,house,117,CA,R,0.533,94.54
L000588,6,Conor Lamb,Pa.,Conor,Lamb,house,117,PA,D,-0.134,97.53
L000564,16,Doug Lamborn,Colo.,Doug,Lamborn,house,117,CO,R,0.674,95.39
L000559,22,Jim Langevin,R.I.,Jim,Langevin,house,117,RI,D,-0.375,98.21
L000560,22,Rick Larsen,Wash.,Rick,Larsen,house,117,WA,D,-0.365,98.36
L000557,24,John Larson,Conn.,John,Larson,house,117,CT,D,-0.397,98.64
L000566,16,Robert Latta,Ohio,Robert,Latta,house,117,OH,R,0.516,98.65
L000266,2,Jake LaTurner,Kan.,Jake,LaTurner,house,117,KS,R,,98.41
L000581,8,Brenda Lawrence,Mich.,Brenda,Lawrence,house,117,MI,D,-0.448,98.2
L000586,6,Al Lawson,Fla.,Al,Lawson,house,117,FL,D,-0.259,98.65
L000551,26,Barbara Lee,Calif.,Barbara,Lee,house,117,CA,D,-0.681,97.96
L000590,4,Susie Lee,Nev.,Susie,Lee,house,117,NV,D,,96.39
L000589,6,Debbie Lesko,Ariz.,Debbie,Lesko,house,117,AZ,R,0.595,95.39
L000595,2,Julia Letlow,La.,Julia,Letlow,house,117,LA,R,,97.39
L000593,4,Mike Levin,Calif.,Mike,Levin,house,117,CA,D,,98.44
L000592,4,Andy Levin,Mich.,Andy,Levin,house,117,MI,D,,97.98
L000582,8,Ted Lieu,Calif.,Ted,Lieu,house,117,CA,D,-0.375,98.64
L000397,28,Zoe Lofgren,Calif.,Zoe,Lofgren,house,117,CA,D,-0.402,97.95
L000576,12,Billy Long,Mo.,Billy,Long,house,117,MO,R,0.544,97.48
L000583,8,Barry Loudermilk,Ga.,Barry,Loudermilk,house,117,GA,R,0.688,92.68
L000579,10,Alan Lowenthal,Calif.,Alan,Lowenthal,house,117,CA,D,-0.451,97.97
L000491,30,Frank Lucas,Okla.,Frank,Lucas,house,117,OK,R,0.364,97.5
L000569,14,Blaine Luetkemeyer,Mo.,Blaine,Luetkemeyer,house,117,MO,R,0.442,96.05
L000591,4,Elaine Luria,Va.,Elaine,Luria,house,117,VA,D,,97.09
L000562,22,Stephen Lynch,Mass.,Stephen,Lynch,house,117,MA,D,-0.35,98.2
M000194,2,Nancy Mace,S.C.,Nancy,Mace,house,117,SC,R,,90.72
M001203,4,Tom Malinowski,N.J.,Tom,Malinowski,house,117,NJ,D,,97.29
M000317,2,Nicole Malliotakis,N.Y.,Nicole,Malliotakis,house,117,NY,R,,92.52
M001185,10,Sean Maloney,N.Y.,Sean,Maloney,house,117,NY,D,-0.238,99.1
M000087,30,Carolyn Maloney,N.Y.,Carolyn,Maloney,house,117,NY,D,-0.387,98.2
M000871,2,Tracey Mann,Kan.,Tracey,Mann,house,117,KS,R,,95.27
M001135,2,Kathy Manning,N.C.,Kathy,Manning,house,117,NC,D,,98.65
M001184,12,Thomas Massie,Ky.,Thomas,Massie,house,117,KY,R,0.679,68.79
M001199,6,Brian Mast,Fla.,Brian,Mast,house,117,FL,R,0.455,90.42
M001163,18,Doris Matsui,Calif.,Doris,Matsui,house,117,CA,D,-0.434,98.63
M001208,4,Lucy McBath,Ga.,Lucy,McBath,house,117,GA,D,,97.53
M001165,16,Kevin McCarthy,Calif.,Kevin,McCarthy,house,117,CA,R,0.455,97.52
M001157,18,Michael McCaul,Texas,Michael,McCaul,house,117,TX,R,0.428,95.85
M001136,2,Lisa McClain,Mich.,Lisa,McClain,house,117,MI,R,,97.52
M001177,14,Tom McClintock,Calif.,Tom,McClintock,house,117,CA,R,0.708,84.6
M001143,22,Betty McCollum,Minn.,Betty,McCollum,house,117,MN,D,-0.417,98.21
M001200,6,A. McEachin,Va.,A.,McEachin,house,117,VA,D,-0.375,98.43
M000312,26,Jim McGovern,Mass.,Jim,McGovern,house,117,MA,D,-0.539,97.76
M001156,18,Patrick McHenry,N.C.,Patrick,McHenry,house,117,NC,R,0.544,95.25
M001180,12,David McKinley,W.Va.,David,McKinley,house,117,WV,R,0.302,93.67
M001159,18,Cathy McMorris Rodgers,Wash.,Cathy,McMorris Rodgers,house,117,WA,R,0.424,96.78
M001166,16,Jerry McNerney,Calif.,Jerry,McNerney,house,117,CA,D,-0.263,98.88
M001137,26,Gregory Meeks,N.Y.,Gregory,Meeks,house,117,NY,D,-0.414,98.86
M001186,2,Peter Meijer,Mich.,Peter,Meijer,house,117,MI,R,,90.52
M001188,10,Grace Meng,N.Y.,Grace,Meng,house,117,NY,D,-0.375,97.97
M001204,4,Daniel Meuser,Pa.,Daniel,Meuser,house,117,PA,R,,98.16
M000687,4,Kweisi Mfume,Md.,Kweisi,Mfume,house,117,MD,D,,98.64
M001211,2,Mary Miller,Ill.,Mary,Miller,house,117,IL,R,,80.9
M001205,4,Carol Miller,W.Va.,Carol,Miller,house,117,WV,R,,99.09
M001215,2,Mariannette Miller-Meeks,Iowa,Mariannette,Miller-Meeks,house,117,IA,R,,94.05
M001194,8,John Moolenaar,Mich.,John,Moolenaar,house,117,MI,R,0.398,96.85
M001195,8,Alex Mooney,W.Va.,Alex,Mooney,house,117,WV,R,0.571,95.41
M001213,2,Blake Moore,,Blake,Moore,house,117,UT,R,,96.12
M001160,18,Gwen Moore,Wis.,Gwen,Moore,house,117,WI,D,-0.527,97.52
M001212,2,Barry Moore,Ala.,Barry,Moore,house,117,AL,R,,94.2
M001206,6,Joe Morelle,N.Y.,Joe,Morelle,house,117,NY,D,,98.65
M001196,8,Seth Moulton,Mass.,Seth,Moulton,house,117,MA,D,-0.284,98.66
M001214,2,Frank Mrvan,Ind.,Frank,Mrvan,house,117,IN,D,,98.65
M001190,10,Markwayne Mullin,Okla.,Markwayne,Mullin,house,117,OK,R,0.52,95.4
M001210,4,Greg Murphy,N.C.,Greg,Murphy,house,117,NC,R,,94.7
M001202,6,Stephanie Murphy,Fla.,Stephanie,Murphy,house,117,FL,D,-0.161,96.69
N000002,32,Jerrold Nadler,N.Y.,Jerrold,Nadler,house,117,NY,D,-0.508,98.15
N000179,24,Grace Napolitano,Calif.,Grace,Napolitano,house,117,CA,D,-0.448,98.88
N000015,34,Richard Neal,Mass.,Richard,Neal,house,117,MA,D,-0.417,98.64
N000191,4,Joe Neguse,Colo.,Joe,Neguse,house,117,CO,D,,99.11
N000026,2,Troy Nehls,Texas,Troy,Nehls,house,117,TX,R,,95.41
N000189,8,Dan Newhouse,Wash.,Dan,Newhouse,house,117,WA,R,0.34,94.27
N000192,2,Marie Newman,Ill.,Marie,Newman,house,117,IL,D,,98.2
N000188,10,Donald Norcross,N.J.,Donald,Norcross,house,117,NJ,D,-0.425,98.21
N000190,6,Ralph Norman,S.C.,Ralph,Norman,house,117,SC,R,0.822,77.8
N000147,32,Eleanor Norton,,Eleanor,Norton,house,117,DC,D,,
N000181,20,Devin Nunes,Calif.,Devin,Nunes,house,117,CA,R,0.45,97.94
O000171,6,Tom O'Halleran,Ariz.,Tom,O'Halleran,house,117,AZ,D,-0.194,97.29
O000019,2,Jay Obernolte,Calif.,Jay,Obernolte,house,117,CA,R,,94.55
O000172,4,Alexandria Ocasio-Cortez,N.Y.,Alexandria,Ocasio-Cortez,house,117,NY,D,,95.23
O000173,4,Ilhan Omar,Minn.,Ilhan,Omar,house,117,MN,D,,95.25
O000086,2,Burgess Owens,,Burgess,Owens,house,117,UT,R,,97.29
P000601,12,Steven Palazzo,Miss.,Steven,Palazzo,house,117,MS,R,0.534,95.24
P000034,36,Frank Pallone,N.J.,Frank,Pallone,house,117,NJ,D,-0.404,98.66
P000609,8,Gary Palmer,Ala.,Gary,Palmer,house,117,AL,R,0.693,94.34
P000613,6,Jimmy Panetta,Calif.,Jimmy,Panetta,house,117,CA,D,-0.308,98.21
P000614,4,Chris Pappas,N.H.,Chris,Pappas,house,117,NH,D,,96.62
P000096,26,Bill Pascrell,N.J.,Bill,Pascrell,house,117,NJ,D,-0.367,99.32
P000604,12,Donald Payne,N.J.,Donald,Payne,house,117,NJ,D,-0.518,98.21
P000197,34,Nancy Pelosi,Calif.,Nancy,Pelosi,house,117,CA,D,-0.49,96.77
P000615,4,Greg Pence,Ind.,Greg,Pence,house,117,IN,R,,96.74
P000593,16,Ed Perlmutter,Colo.,Ed,Perlmutter,house,117,CO,D,-0.282,98.21
P000605,10,Scott Perry,Pa.,Scott,Perry,house,117,PA,R,0.65,82.24
P000608,10,Scott Peters,Calif.,Scott,Peters,house,117,CA,D,-0.182,97.27
P000048,2,August Pfluger,Texas,August,Pfluger,house,117,TX,R,,96.99
P000616,4,Dean Phillips,Minn.,Dean,Phillips,house,117,MN,D,,97.75
P000597,14,Chellie Pingree,Maine,Chellie,Pingree,house,117,ME,D,-0.42,98.43
P000610,8,Stacey Plaskett,,Stacey,Plaskett,house,117,VI,D,,
P000607,10,Mark Pocan,Wis.,Mark,Pocan,house,117,WI,D,-0.539,97.98
P000618,4,Katie Porter,Calif.,Katie,Porter,house,117,CA,D,,97.54
P000599,14,Bill Posey,Fla.,Bill,Posey,house,117,FL,R,0.527,91.15
P000617,4,Ayanna Pressley,Mass.,Ayanna,Pressley,house,117,MA,D,,95.95
P000523,34,David Price,N.C.,David,Price,house,117,NC,D,-0.343,99.1
Q000023,14,Mike Quigley,Ill.,Mike,Quigley,house,117,IL,D,-0.323,99.11
R000600,8,Amata Radewagen,,Amata,Radewagen,house,117,AS,R,,
R000606,6,Jamie Raskin,Md.,Jamie,Raskin,house,117,MD,D,-0.538,98.63
R000585,14,Tom Reed,N.Y.,Tom,Reed,house,117,NY,R,0.273,89.52
R000610,4,Guy Reschenthaler,Pa.,Guy,Reschenthaler,house,117,PA,R,,97.03
R000602,8,Kathleen Rice,N.Y.,Kathleen,Rice,house,117,NY,D,-0.287,98.38
R000597,10,Tom Rice,S.C.,Tom,Rice,house,117,SC,R,0.586,92.97
R000588,12,Cedric Richmond,La.,Cedric,Richmond,house,117,LA,D,-0.486,92.86
R000575,22,Mike Rogers,Ala.,Mike,Rogers,house,117,AL,R,0.359,96.73
R000395,42,Harold Rogers,Ky.,Harold,Rogers,house,117,KY,R,0.338,97.03
R000612,4,John Rose,Tenn.,John,Rose,house,117,TN,R,,94.82
R000103,2,Matt Rosendale,Mont.,Matt,Rosendale,house,117,MT,R,,79.72
R000305,2,Deborah Ross,N.C.,Deborah,Ross,house,117,NC,D,,98.43
R000603,8,David Rouzer,N.C.,David,Rouzer,house,117,NC,R,0.57,95.9
R000614,4,Chip Roy,Texas,Chip,Roy,house,117,TX,R,,69.43
R000486,30,Lucille Roybal-Allard,Calif.,Lucille,Roybal-Allard,house,117,CA,D,-0.469,99.32
R000599,10,Raul Ruiz,Calif.,Raul,Ruiz,house,117,CA,D,-0.245,98.88
R000576,20,C.A. Dutch Ruppersberger,Md.,C.A. Dutch,Ruppersberger,house,117,MD,D,-0.295,98.86
R000515,30,Bobby Rush,Ill.,Bobby,Rush,house,117,IL,D,-0.479,98.44
R000609,6,John Rutherford,Fla.,John,Rutherford,house,117,FL,R,0.424,94.1
R000577,20,Tim Ryan,Ohio,Tim,Ryan,house,117,OH,D,-0.402,99.1
S001177,14,Gregorio Sablan,,Gregorio,Sablan,house,117,MP,D,,
S000168,2,Maria Salazar,Fla.,Maria,Salazar,house,117,FL,R,,91.57
S001204,4,Michael San Nicolas,,Michael,San Nicolas,house,117,GU,D,,
S001156,20,Linda S√°nchez,Calif.,Linda,S√°nchez,house,117,CA,D,-0.508,98.87
S001168,16,John Sarbanes,Md.,John,Sarbanes,house,117,MD,D,-0.467,98.65
S001176,16,Steve Scalise,La.,Steve,Scalise,house,117,LA,R,0.558,98.39
S001205,6,Mary Scanlon,Pa.,Mary,Scanlon,house,117,PA,D,,98.65
S001145,24,Jan Schakowsky,Ill.,Jan,Schakowsky,house,117,IL,D,-0.606,98.64
S001150,22,Adam Schiff,Calif.,Adam,Schiff,house,117,CA,D,-0.35,98.88
S001190,6,Brad Schneider,Ill.,Brad,Schneider,house,117,IL,D,-0.178,97.3
S001180,14,Kurt Schrader,Ore.,Kurt,Schrader,house,117,OR,D,-0.185,96.12
S001216,4,Kim Schrier,Wash.,Kim,Schrier,house,117,WA,D,,96.64
S001183,12,David Schweikert,Ariz.,David,Schweikert,house,117,AZ,R,0.577,93.92
S001157,20,David Scott,Ga.,David,Scott,house,117,GA,D,-0.302,98.18
S000185,30,Robert Scott,Va.,Robert,Scott,house,117,VA,D,-0.45,98.65
S001189,12,Austin Scott,Ga.,Austin,Scott,house,117,GA,R,0.564,97.38
S000250,2,Pete Sessions,Texas,Pete,Sessions,house,117,TX,R,0.591,92.84
S001185,12,Terri Sewell,Ala.,Terri,Sewell,house,117,AL,D,-0.392,98.19
S000344,26,Brad Sherman,Calif.,Brad,Sherman,house,117,CA,D,-0.342,98.88
S001207,4,Mikie Sherrill,N.J.,Mikie,Sherrill,house,117,NJ,D,,96.95
S001148,24,Mike Simpson,Idaho,Mike,Simpson,house,117,ID,R,0.297,93.67
S001165,18,Albio Sires,N.J.,Albio,Sires,house,117,NJ,D,-0.403,98.17
S001208,4,Elissa Slotkin,Mich.,Elissa,Slotkin,house,117,MI,D,,96.02
S001195,10,Jason Smith,Mo.,Jason,Smith,house,117,MO,R,0.595,97.05
S001172,16,Adrian Smith,Neb.,Adrian,Smith,house,117,NE,R,0.516,98.59
S000510,26,Adam Smith,Wash.,Adam,Smith,house,117,WA,D,-0.285,98.43
S000522,42,Christopher Smith,N.J.,Christopher,Smith,house,117,NJ,R,0.167,88.51
S001199,6,Lloyd Smucker,Pa.,Lloyd,Smucker,house,117,PA,R,0.425,97.73
S001200,6,Darren Soto,Fla.,Darren,Soto,house,117,FL,D,-0.379,98.65
S001209,4,Abigail Spanberger,Va.,Abigail,Spanberger,house,117,VA,D,,96.17
S000929,2,Victoria Spartz,Ind.,Victoria,Spartz,house,117,IN,R,,96.61
S001175,16,Jackie Speier,Calif.,Jackie,Speier,house,117,CA,D,-0.381,98.61
S001218,2,Melanie Stansbury,N.M.,Melanie,Stansbury,house,117,NM,D,,98.29
S001211,4,Greg Stanton,Ariz.,Greg,Stanton,house,117,AZ,D,,98.66
S001212,4,Pete Stauber,Minn.,Pete,Stauber,house,117,MN,R,,94.1
S001135,2,Michelle Steel,Calif.,Michelle,Steel,house,117,CA,R,,96.34
S001196,8,Elise Stefanik,N.Y.,Elise,Stefanik,house,117,NY,R,0.243,97.26
S001213,4,Bryan Steil,Wis.,Bryan,Steil,house,117,WI,R,,96.84
S001214,4,Greg Steube,Fla.,Greg,Steube,house,117,FL,R,,88.66
S001215,4,Haley Stevens,Mich.,Haley,Stevens,house,117,MI,D,,97.76
S001192,10,Chris Stewart,,Chris,Stewart,house,117,UT,R,0.52,95.91
S001187,12,Steve Stivers,Ohio,Steve,Stivers,house,117,OH,R,0.3,92.0
S001159,2,Marilyn Strickland,Wash.,Marilyn,Strickland,house,117,WA,D,,98.21
S001201,6,Thomas Suozzi,N.Y.,Thomas,Suozzi,house,117,NY,D,-0.215,98.41
S001193,10,Eric Swalwell,Calif.,Eric,Swalwell,house,117,CA,D,-0.365,98.65
T000472,10,Mark Takano,Calif.,Mark,Takano,house,117,CA,D,-0.464,97.95
T000479,4,Van Taylor,Texas,Van,Taylor,house,117,TX,R,,91.42
T000478,4,Claudia Tenney,N.Y.,Claudia,Tenney,house,117,NY,R,0.377,95.4
T000460,24,Mike Thompson,Calif.,Mike,Thompson,house,117,CA,D,-0.395,98.66
T000193,30,Bennie Thompson,Miss.,Bennie,Thompson,house,117,MS,D,-0.516,97.99
T000467,14,Glenn Thompson,Pa.,Glenn,Thompson,house,117,PA,R,0.317,96.8
T000165,4,Tom Tiffany,Wis.,Tom,Tiffany,house,117,WI,R,,91.2
T000480,4,William Timmons,S.C.,William,Timmons,house,117,SC,R,,97.73
T000468,10,Dina Titus,Nev.,Dina,Titus,house,117,NV,D,-0.303,99.1
T000481,4,Rashida Tlaib,Mich.,Rashida,Tlaib,house,117,MI,D,,94.36
T000469,14,Paul Tonko,N.Y.,Paul,Tonko,house,117,NY,D,-0.42,99.11
T000474,8,Norma Torres,Calif.,Norma,Torres,house,117,CA,D,-0.362,98.43
T000486,2,Ritchie Torres,N.Y.,Ritchie,Torres,house,117,NY,D,,97.74
T000482,4,Lori Trahan,Mass.,Lori,Trahan,house,117,MA,D,,98.88
T000483,4,David Trone,Md.,David,Trone,house,117,MD,D,,97.95
T000463,20,Michael Turner,Ohio,Michael,Turner,house,117,OH,R,0.276,96.54
U000040,4,Lauren Underwood,Ill.,Lauren,Underwood,house,117,IL,D,,97.98
U000031,36,Fred Upton,Mich.,Fred,Upton,house,117,MI,R,0.329,86.49
V000129,2,David Valadao,Calif.,David,Valadao,house,117,CA,R,0.26,94.64
V000133,4,Jefferson Van Drew,N.J.,Jefferson,Van Drew,house,117,NJ,R,,86.27
V000134,2,Beth Van Duyne,Texas,Beth,Van Duyne,house,117,TX,R,,96.83
V000130,10,Juan Vargas,Calif.,Juan,Vargas,house,117,CA,D,-0.4,99.1
V000131,10,Marc Veasey,Texas,Marc,Veasey,house,117,TX,D,-0.401,98.2
V000132,10,Filemon Vela,Texas,Filemon,Vela,house,117,TX,D,-0.312,98.09
V000081,30,Nydia Vel√°zquez,N.Y.,Nydia,Vel√°zquez,house,117,NY,D,-0.547,98.19
W000812,10,Ann Wagner,Mo.,Ann,Wagner,house,117,MO,R,0.431,96.38
W000798,12,Tim Walberg,Mich.,Tim,Walberg,house,117,MI,R,0.513,97.74
W000813,10,Jackie Walorski,Ind.,Jackie,Walorski,house,117,IN,R,0.427,98.19
W000823,4,Michael Waltz,Fla.,Michael,Waltz,house,117,FL,R,,97.27
W000797,18,Debbie Wasserman Schultz,Fla.,Debbie,Wasserman Schultz,house,117,FL,D,-0.42,98.21
W000187,32,Maxine Waters,Calif.,Maxine,Waters,house,117,CA,D,-0.655,95.12
W000822,8,Bonnie Watson Coleman,N.J.,Bonnie,Watson Coleman,house,117,NJ,D,-0.621,98.21
W000814,10,Randy Weber,Texas,Randy,Weber,house,117,TX,R,0.726,87.0
W000806,12,Daniel Webster,Fla.,Daniel,Webster,house,117,FL,R,0.513,94.97
W000800,16,Peter Welch,Vt.,Peter,Welch,house,117,VT,D,-0.409,98.42
W000815,10,Brad Wenstrup,Ohio,Brad,Wenstrup,house,117,OH,R,0.542,97.49
W000821,8,Bruce Westerman,Ark.,Bruce,Westerman,house,117,AR,R,0.55,97.26
W000825,4,Jennifer Wexton,Va.,Jennifer,Wexton,house,117,VA,D,,97.99
W000826,6,Susan Wild,Pa.,Susan,Wild,house,117,PA,D,,97.08
W000816,10,Roger Williams,Texas,Roger,Williams,house,117,TX,R,0.583,97.84
W000788,2,Nikema Williams,Ga.,Nikema,Williams,house,117,GA,D,,98.66
W000795,22,Joe Wilson,S.C.,Joe,Wilson,house,117,SC,R,0.534,97.62
W000808,12,Frederica Wilson,Fla.,Frederica,Wilson,house,117,FL,D,-0.478,98.65
W000804,16,Robert Wittman,Va.,Robert,Wittman,house,117,VA,R,0.446,98.61
W000809,12,Steve Womack,Ark.,Steve,Womack,house,117,AR,R,0.354,95.72
W000827,4,Ron Wright,Texas,Ron,Wright,house,117,TX,R,,93.33
Y000062,16,John Yarmuth,Ky.,John,Yarmuth,house,117,KY,D,-0.378,98.83
Y000033,50,Don Young,Alaska,Don,Young,house,117,AK,R,0.283,88.45
Z000017,8,Lee Zeldin,N.Y.,Lee,Zeldin,house,117,NY,R,0.397,95.43
B001230,9,Tammy Baldwin,Wis.,Tammy,Baldwin,senate,117,WI,D,-0.492,99.25
B001261,15,John Barrasso,Wyo,John,Barrasso,senate,117,WY,R,0.539,95.47
B001267,13,Michael Bennet,Colo.,Michael,Bennet,senate,117,CO,D,-0.229,98.68
B001243,3,Marsha Blackburn,Tenn.,Marsha,Blackburn,senate,117,TN,R,0.624,91.97
B001277,11,Richard Blumenthal,Conn.,Richard,Blumenthal,senate,117,CT,D,-0.437,99.25
B000575,11,Roy Blunt,Mo.,Roy,Blunt,senate,117,MO,R,0.412,83.05
B001288,9,Cory Booker,N.J.,Cory,Booker,senate,117,NJ,D,-0.592,98.63
B001236,11,John Boozman,Ark.,John,Boozman,senate,117,AR,R,0.417,96.21
B001310,1,Mike Braun,Ind.,Mike,Braun,senate,117,IN,R,,90.29
B000944,15,Sherrod Brown,Ohio,Sherrod,Brown,senate,117,OH,D,-0.428,99.62
B001135,17,Richard Burr,N.C.,Richard,Burr,senate,117,NC,R,0.438,83.15
C000127,21,Maria Cantwell,Wash.,Maria,Cantwell,senate,117,WA,D,-0.305,99.81
C001047,7,Shelley Capito,W.Va.,Shelley,Capito,senate,117,WV,R,0.27,82.39
C000141,15,Benjamin Cardin,Md.,Benjamin,Cardin,senate,117,MD,D,-0.319,99.05
C000174,21,Thomas Carper,Del.,Thomas,Carper,senate,117,DE,D,-0.177,98.49
C001070,15,Bob Casey,Pa.,Bob,Casey,senate,117,PA,D,-0.314,99.24
C001075,7,Bill Cassidy,La.,Bill,Cassidy,senate,117,LA,R,0.461,88.52
C001035,25,Susan Collins,Maine,Susan,Collins,senate,117,ME,R,0.115,55.09
C001088,13,Christopher Coons,Del.,Christopher,Coons,senate,117,DE,D,-0.23,99.43
C001056,19,John Cornyn,Texas,John,Cornyn,senate,117,TX,R,0.476,87.17
C001113,1,Catherine Cortez Masto,Nev.,Catherine,Cortez Masto,senate,117,NV,D,-0.366,98.68
C001095,7,Tom Cotton,Ark.,Tom,Cotton,senate,117,AR,R,0.614,90.28
C001096,3,Kevin Cramer,N.D.,Kevin,Cramer,senate,117,ND,R,0.398,90.06
C000880,23,Michael Crapo,Idaho,Michael,Crapo,senate,117,ID,R,0.501,91.68
C001098,9,Ted Cruz,Texas,Ted,Cruz,senate,117,TX,R,0.837,88.37
D000618,7,Steve Daines,Mont.,Steve,Daines,senate,117,MT,R,0.571,94.48
D000622,5,Tammy Duckworth,Ill.,Tammy,Duckworth,senate,117,IL,D,-0.335,99.43
D000563,25,Richard Durbin,Ill.,Richard,Durbin,senate,117,IL,D,-0.348,99.81
E000295,7,Joni Ernst,Iowa,Joni,Ernst,senate,117,IA,R,0.539,91.9
F000062,29,Dianne Feinstein,Calif.,Dianne,Feinstein,senate,117,CA,D,-0.267,99.33
F000463,9,Deb Fischer,Neb.,Deb,Fischer,senate,117,NE,R,0.452,92.49
G000555,13,Kirsten Gillibrand,N.Y.,Kirsten,Gillibrand,senate,117,NY,D,-0.474,99.05
G000359,19,Lindsey Graham,S.C.,Lindsey,Graham,senate,117,SC,R,0.388,72.23
G000386,41,Charles Grassley,Iowa,Charles,Grassley,senate,117,IA,R,0.35,82.83
H000601,1,Bill Hagerty,Tenn.,Bill,Hagerty,senate,117,TN,R,,92.71
H001075,3,Kamala Harris,Calif.,Kamala,Harris,senate,117,CA,D,-0.709,100.0
H001076,1,Margaret Hassan,N.H.,Margaret,Hassan,senate,117,NH,D,-0.23,97.91
H001089,1,Joshua Hawley,Mo.,Joshua,Hawley,senate,117,MO,R,,86.37
H001046,9,Martin Heinrich,N.M.,Martin,Heinrich,senate,117,NM,D,-0.33,99.03
H000273,1,John Hickenlooper,Colo.,John,Hickenlooper,senate,117,CO,D,,99.05
H001042,9,Mazie Hirono,Hawaii,Mazie,Hirono,senate,117,HI,D,-0.512,99.43
H001061,11,John Hoeven,N.D.,John,Hoeven,senate,117,ND,R,0.367,91.97
H001079,4,Cindy Hyde-Smith,Miss.,Cindy,Hyde-Smith,senate,117,MS,R,0.424,92.53
I000024,29,James Inhofe,Okla.,James,Inhofe,senate,117,OK,R,0.554,96.03
J000293,11,Ron Johnson,Wis.,Ron,Johnson,senate,117,WI,R,0.601,92.86
K000384,9,Tim Kaine,Va.,Tim,Kaine,senate,117,VA,D,-0.244,99.4
K000377,1,Mark Kelly,Ariz.,Mark,Kelly,senate,117,AZ,D,,97.73
K000393,1,John Kennedy,La.,John,Kennedy,senate,117,LA,R,0.593,91.72
K000383,9,Angus King,Maine,Angus,King,senate,117,ME,ID,-0.159,98.48
K000367,15,Amy Klobuchar,Minn.,Amy,Klobuchar,senate,117,MN,D,-0.285,99.43
L000575,7,James Lankford,Okla.,James,Lankford,senate,117,OK,R,0.598,93.78
L000174,47,Patrick Leahy,Vt.,Patrick,Leahy,senate,117,VT,D,-0.36,99.62
L000577,11,Mike Lee,,Mike,Lee,senate,117,UT,R,0.897,88.13
L000594,1,Kelly Loeffler,Ga.,Kelly,Loeffler,senate,117,GA,R,,100.0
L000570,1,Ben Luj√°n,N.M.,Ben,Luj√°n,senate,117,NM,D,-0.368,99.05
L000571,1,Cynthia Lummis,Wyo,Cynthia,Lummis,senate,117,WY,R,0.68,94.79
M001183,13,Joe Manchin,W.Va.,Joe,Manchin,senate,117,WV,D,-0.058,92.32
M000133,9,Edward Markey,Mass.,Edward,Markey,senate,117,MA,D,-0.513,97.71
M001198,1,Roger Marshall,Kan.,Roger,Marshall,senate,117,KS,R,0.56,92.21
M000355,37,Mitch McConnell,Ky.,Mitch,McConnell,senate,117,KY,R,0.405,89.94
M000639,16,Robert Menendez,N.J.,Robert,Menendez,senate,117,NJ,D,-0.367,98.85
M001176,13,Jeff Merkley,Ore.,Jeff,Merkley,senate,117,OR,D,-0.441,98.3
M000934,11,Jerry Moran,Kan.,Jerry,Moran,senate,117,KS,R,0.416,93.68
M001153,21,Lisa Murkowski,Alaska,Lisa,Murkowski,senate,117,AK,R,0.21,61.2
M001169,9,Christopher Murphy,Conn.,Christopher,Murphy,senate,117,CT,D,-0.27,99.24
M001111,29,Patty Murray,Wash.,Patty,Murray,senate,117,WA,D,-0.352,99.61
O000174,1,Jon Ossoff,Ga.,Jon,Ossoff,senate,117,GA,D,,99.01
P000145,1,Alex Padilla,Calif.,Alex,Padilla,senate,117,CA,D,,99.43
P000603,11,Rand Paul,Ky.,Rand,Paul,senate,117,KY,R,0.88,85.1
P000595,7,Gary Peters,Mich.,Gary,Peters,senate,117,MI,D,-0.246,99.42
P000449,11,Rob Portman,Ohio,Rob,Portman,senate,117,OH,R,0.372,80.36
R000122,25,Jack Reed,R.I.,Jack,Reed,senate,117,RI,D,-0.367,99.25
R000584,13,Jim Risch,Idaho,Jim,Risch,senate,117,ID,R,0.577,92.56
R000615,1,Mitt Romney,,Mitt,Romney,senate,117,UT,R,,80.48
R000608,3,Jacky Rosen,Nev.,Jacky,Rosen,senate,117,NV,D,-0.285,98.68
R000605,7,Mike Rounds,S.D.,Mike,Rounds,senate,117,SD,R,0.382,85.25
R000595,11,Marco Rubio,Fla.,Marco,Rubio,senate,117,FL,R,0.595,89.89
S000033,15,Bernard Sanders,Vt.,Bernard,Sanders,senate,117,VT,ID,-0.532,95.88
S001197,7,Ben Sasse,Neb.,Ben,Sasse,senate,117,NE,R,0.71,92.95
S001194,9,Brian Schatz,Hawaii,Brian,Schatz,senate,117,HI,D,-0.443,99.43
S000148,23,Charles Schumer,N.Y.,Charles,Schumer,senate,117,NY,D,-0.358,98.87
S001217,1,Rick Scott,Fla.,Rick,Scott,senate,117,FL,R,,88.55
S001184,9,Tim Scott,S.C.,Tim,Scott,senate,117,SC,R,0.625,92.32
S001181,13,Jeanne Shaheen,N.H.,Jeanne,Shaheen,senate,117,NH,D,-0.237,99.04
S000320,35,Richard Shelby,Ala.,Richard,Shelby,senate,117,AL,R,0.445,90.64
S001191,3,Kyrsten Sinema,Ariz.,Kyrsten,Sinema,senate,117,AZ,D,-0.104,97.18
S001203,4,Tina Smith,Minn.,Tina,Smith,senate,117,MN,D,-0.398,99.24
S000770,21,Debbie Stabenow,Mich.,Debbie,Stabenow,senate,117,MI,D,-0.343,99.62
S001198,7,Dan Sullivan,Alaska,Dan,Sullivan,senate,117,AK,R,0.475,87.42
T000464,15,Jon Tester,Mont.,Jon,Tester,senate,117,MT,D,-0.215,97.73
T000250,17,John Thune,S.D.,John,Thune,senate,117,SD,R,0.422,96.15
T000476,7,Thom Tillis,N.C.,Thom,Tillis,senate,117,NC,R,0.418,86.17
T000461,11,Patrick Toomey,Pa.,Patrick,Toomey,senate,117,PA,R,0.63,90.91
T000278,1,Tommy Tuberville,Ala.,Tommy,Tuberville,senate,117,AL,R,,88.46
V000128,5,Chris Van Hollen,Md.,Chris,Van Hollen,senate,117,MD,D,-0.391,99.62
W000805,13,Mark Warner,Va.,Mark,Warner,senate,117,VA,D,-0.203,99.62
W000790,1,Raphael Warnock,Ga.,Raphael,Warnock,senate,117,GA,D,,99.03
W000817,9,Elizabeth Warren,Mass.,Elizabeth,Warren,senate,117,MA,D,-0.759,97.91
W000802,15,Sheldon Whitehouse,R.I.,Sheldon,Whitehouse,senate,117,RI,D,-0.355,99.05
W000437,15,Roger Wicker,Miss.,Roger,Wicker,senate,117,MS,R,0.378,91.2
W000779,26,Ron Wyden,Ore.,Ron,Wyden,senate,117,OR,D,-0.33,98.87
Y000064,5,Todd Young,Ind.,Todd,Young,senate,117,IN,R,0.465,90.33
